Domain Code,Domain,Area Code (ISO3),Area,Element Code,Element,Item Code,Item,Year Code,Year,Unit,Value,Flag,Flag Description
"RL","Land Use","AFG","Afghanistan","5110","Area","6610","Agricultural land","2020","2020","1000 ha","38313","I","Imputed value"
"RL","Land Use","AFG","Afghanistan","5110","Area","6621","Arable land","2020","2020","1000 ha","7829","I","Imputed value"
"RL","Land Use","AFG","Afghanistan","5110","Area","6655","Permanent meadows and pastures","2020","2020","1000 ha","30262","A","Official figure"
"RL","Land Use","ALB","Albania","5110","Area","6610","Agricultural land","2020","2020","1000 ha","1165.555","A","Official figure"
"RL","Land Use","ALB","Albania","5110","Area","6621","Arable land","2020","2020","1000 ha","599.6","A","Official figure"
"RL","Land Use","ALB","Albania","5110","Area","6655","Permanent meadows and pastures","2020","2020","1000 ha","478","A","Official figure"
"RL","Land Use","DZA","Algeria","5110","Area","6610","Agricultural land","2020","2020","1000 ha","41316.071","I","Imputed value"
"RL","Land Use","DZA","Algeria","5110","Area","6621","Arable land","2020","2020","1000 ha","7530.6","I","Imputed value"
"RL","Land Use","DZA","Algeria","5110","Area","6655","Permanent meadows and pastures","2020","2020","1000 ha","32806.5","I","Imputed value"
"RL","Land Use","ASM","American Samoa","5110","Area","6610","Agricultural land","2020","2020","1000 ha","2.87","I","Imputed value"
"RL","Land Use","ASM","American Samoa","5110","Area","6621","Arable land","2020","2020","1000 ha","0.96","I","Imputed value"
"RL","Land Use","ASM","American Samoa","5110","Area","6655","Permanent meadows and pastures","2020","2020","1000 ha","0","I","Imputed value"
"RL","Land Use","AND","Andorra","5110","Area","6610","Agricultural land","2020","2020","1000 ha","18.7773","I","Imputed value"
"RL","Land Use","AND","Andorra","5110","Area","6621","Arable land","2020","2020","1000 ha","0.7689","A","Official figure"
"RL","Land Use","AND","Andorra","5110","Area","6655","Permanent meadows and pastures","2020","2020","1000 ha","18","I","Imputed value"
"RL","Land Use","AGO","Angola","5110","Area","6610","Agricultural land","2020","2020","1000 ha","45892","I","Imputed value"
"RL","Land Use","AGO","Angola","5110","Area","6621","Arable land","2020","2020","1000 ha","5368","I","Imputed value"
"RL","Land Use","AGO","Angola","5110","Area","6655","Permanent meadows and pastures","2020","2020","1000 ha","40207","I","Imputed value"
"RL","Land Use","ATG","Antigua and Barbuda","5110","Area","6610","Agricultural land","2020","2020","1000 ha","9","I","Imputed value"
"RL","Land Use","ATG","Antigua and Barbuda","5110","Area","6621","Arable land","2020","2020","1000 ha","4","I","Imputed value"
"RL","Land Use","ATG","Antigua and Barbuda","5110","Area","6655","Permanent meadows and pastures","2020","2020","1000 ha","4","I","Imputed value"
"RL","Land Use","ARG","Argentina","5110","Area","6610","Agricultural land","2020","2020","1000 ha","117757.7597","I","Imputed value"
"RL","Land Use","ARG","Argentina","5110","Area","6621","Arable land","2020","2020","1000 ha","42008.7597","I","Imputed value"
"RL","Land Use","ARG","Argentina","5110","Area","6655","Permanent meadows and pastures","2020","2020","1000 ha","74681","I","Imputed value"
"RL","Land Use","ARM","Armenia","5110","Area","6610","Agricultural land","2020","2020","1000 ha","1676","A","Official figure"
"RL","Land Use","ARM","Armenia","5110","Area","6621","Arable land","2020","2020","1000 ha","444","A","Official figure"
"RL","Land Use","ARM","Armenia","5110","Area","6655","Permanent meadows and pastures","2020","2020","1000 ha","1172","A","Official figure"
"RL","Land Use","ABW","Aruba","5110","Area","6610","Agricultural land","2020","2020","1000 ha","2","I","Imputed value"
"RL","Land Use","ABW","Aruba","5110","Area","6621","Arable land","2020","2020","1000 ha","2","I","Imputed value"
"RL","Land Use","AUS","Australia","5110","Area","6610","Agricultural land","2020","2020","1000 ha","355775","I","Imputed value"
"RL","Land Use","AUS","Australia","5110","Area","6621","Arable land","2020","2020","1000 ha","30644","I","Imputed value"
"RL","Land Use","AUS","Australia","5110","Area","6655","Permanent meadows and pastures","2020","2020","1000 ha","324779","A","Official figure"
"RL","Land Use","AUT","Austria","5110","Area","6610","Agricultural land","2020","2020","1000 ha","2602.6654","A","Official figure"
"RL","Land Use","AUT","Austria","5110","Area","6621","Arable land","2020","2020","1000 ha","1324.9714","A","Official figure"
"RL","Land Use","AUT","Austria","5110","Area","6655","Permanent meadows and pastures","2020","2020","1000 ha","1209.98","A","Official figure"
"RL","Land Use","AZE","Azerbaijan","5110","Area","6610","Agricultural land","2020","2020","1000 ha","4780.1","A","Official figure"
"RL","Land Use","AZE","Azerbaijan","5110","Area","6621","Arable land","2020","2020","1000 ha","2084.3","A","Official figure"
"RL","Land Use","AZE","Azerbaijan","5110","Area","6655","Permanent meadows and pastures","2020","2020","1000 ha","2423","A","Official figure"
"RL","Land Use","BHS","Bahamas","5110","Area","6610","Agricultural land","2020","2020","1000 ha","13","I","Imputed value"
"RL","Land Use","BHS","Bahamas","5110","Area","6621","Arable land","2020","2020","1000 ha","8","I","Imputed value"
"RL","Land Use","BHS","Bahamas","5110","Area","6655","Permanent meadows and pastures","2020","2020","1000 ha","2","I","Imputed value"
"RL","Land Use","BHR","Bahrain","5110","Area","6610","Agricultural land","2020","2020","1000 ha","8.1","I","Imputed value"
"RL","Land Use","BHR","Bahrain","5110","Area","6621","Arable land","2020","2020","1000 ha","2.1","A","Official figure"
"RL","Land Use","BHR","Bahrain","5110","Area","6655","Permanent meadows and pastures","2020","2020","1000 ha","4","I","Imputed value"
"RL","Land Use","BGD","Bangladesh","5110","Area","6610","Agricultural land","2020","2020","1000 ha","9928","I","Imputed value"
"RL","Land Use","BGD","Bangladesh","5110","Area","6621","Arable land","2020","2020","1000 ha","8000","I","Imputed value"
"RL","Land Use","BGD","Bangladesh","5110","Area","6655","Permanent meadows and pastures","2020","2020","1000 ha","600","I","Imputed value"
"RL","Land Use","BRB","Barbados","5110","Area","6610","Agricultural land","2020","2020","1000 ha","10","I","Imputed value"
"RL","Land Use","BRB","Barbados","5110","Area","6621","Arable land","2020","2020","1000 ha","7","I","Imputed value"
"RL","Land Use","BRB","Barbados","5110","Area","6655","Permanent meadows and pastures","2020","2020","1000 ha","2","I","Imputed value"
"RL","Land Use","BLR","Belarus","5110","Area","6610","Agricultural land","2020","2020","1000 ha","8281","A","Official figure"
"RL","Land Use","BLR","Belarus","5110","Area","6621","Arable land","2020","2020","1000 ha","5660","A","Official figure"
"RL","Land Use","BLR","Belarus","5110","Area","6655","Permanent meadows and pastures","2020","2020","1000 ha","2521","A","Official figure"
"RL","Land Use","BEL","Belgium","5110","Area","6610","Agricultural land","2020","2020","1000 ha","1364.6093","A","Official figure"
"RL","Land Use","BEL","Belgium","5110","Area","6621","Arable land","2020","2020","1000 ha","864.8766","A","Official figure"
"RL","Land Use","BEL","Belgium","5110","Area","6655","Permanent meadows and pastures","2020","2020","1000 ha","476.1192","A","Official figure"
"RL","Land Use","BLZ","Belize","5110","Area","6610","Agricultural land","2020","2020","1000 ha","180","I","Imputed value"
"RL","Land Use","BLZ","Belize","5110","Area","6621","Arable land","2020","2020","1000 ha","98","I","Imputed value"
"RL","Land Use","BLZ","Belize","5110","Area","6655","Permanent meadows and pastures","2020","2020","1000 ha","50","I","Imputed value"
"RL","Land Use","BEN","Benin","5110","Area","6610","Agricultural land","2020","2020","1000 ha","3950","I","Imputed value"
"RL","Land Use","BEN","Benin","5110","Area","6621","Arable land","2020","2020","1000 ha","2800","I","Imputed value"
"RL","Land Use","BEN","Benin","5110","Area","6655","Permanent meadows and pastures","2020","2020","1000 ha","550","I","Imputed value"
"RL","Land Use","BMU","Bermuda","5110","Area","6610","Agricultural land","2020","2020","1000 ha","0.3","I","Imputed value"
"RL","Land Use","BMU","Bermuda","5110","Area","6621","Arable land","2020","2020","1000 ha","0.3","I","Imputed value"
"RL","Land Use","BTN","Bhutan","5110","Area","6610","Agricultural land","2020","2020","1000 ha","513","I","Imputed value"
"RL","Land Use","BTN","Bhutan","5110","Area","6621","Arable land","2020","2020","1000 ha","94","I","Imputed value"
"RL","Land Use","BTN","Bhutan","5110","Area","6655","Permanent meadows and pastures","2020","2020","1000 ha","413","I","Imputed value"
"RL","Land Use","BOL","Bolivia (Plurinational State of)","5110","Area","6610","Agricultural land","2020","2020","1000 ha","38007.6741","I","Imputed value"
"RL","Land Use","BOL","Bolivia (Plurinational State of)","5110","Area","6621","Arable land","2020","2020","1000 ha","4756.6741","I","Imputed value"
"RL","Land Use","BOL","Bolivia (Plurinational State of)","5110","Area","6655","Permanent meadows and pastures","2020","2020","1000 ha","33000","I","Imputed value"
"RL","Land Use","BIH","Bosnia and Herzegovina","5110","Area","6610","Agricultural land","2020","2020","1000 ha","2242","A","Official figure"
"RL","Land Use","BIH","Bosnia and Herzegovina","5110","Area","6621","Arable land","2020","2020","1000 ha","1015","A","Official figure"
"RL","Land Use","BIH","Bosnia and Herzegovina","5110","Area","6655","Permanent meadows and pastures","2020","2020","1000 ha","1120","A","Official figure"
"RL","Land Use","BWA","Botswana","5110","Area","6610","Agricultural land","2020","2020","1000 ha","25862","I","Imputed value"
"RL","Land Use","BWA","Botswana","5110","Area","6621","Arable land","2020","2020","1000 ha","260","A","Official figure"
"RL","Land Use","BWA","Botswana","5110","Area","6655","Permanent meadows and pastures","2020","2020","1000 ha","25600","I","Imputed value"
"RL","Land Use","BRA","Brazil","5110","Area","6610","Agricultural land","2020","2020","1000 ha","238747.081","I","Imputed value"
"RL","Land Use","BRA","Brazil","5110","Area","6621","Arable land","2020","2020","1000 ha","57630.28","I","Imputed value"
"RL","Land Use","BRA","Brazil","5110","Area","6655","Permanent meadows and pastures","2020","2020","1000 ha","173360.801","I","Imputed value"
"RL","Land Use","VGB","British Virgin Islands","5110","Area","6610","Agricultural land","2020","2020","1000 ha","7","I","Imputed value"
"RL","Land Use","VGB","British Virgin Islands","5110","Area","6621","Arable land","2020","2020","1000 ha","1","I","Imputed value"
"RL","Land Use","VGB","British Virgin Islands","5110","Area","6655","Permanent meadows and pastures","2020","2020","1000 ha","5","I","Imputed value"
"RL","Land Use","BRN","Brunei Darussalam","5110","Area","6610","Agricultural land","2020","2020","1000 ha","13.4","I","Imputed value"
"RL","Land Use","BRN","Brunei Darussalam","5110","Area","6621","Arable land","2020","2020","1000 ha","4","I","Imputed value"
"RL","Land Use","BRN","Brunei Darussalam","5110","Area","6655","Permanent meadows and pastures","2020","2020","1000 ha","3.4","I","Imputed value"
"RL","Land Use","BGR","Bulgaria","5110","Area","6610","Agricultural land","2020","2020","1000 ha","5047","A","Official figure"
"RL","Land Use","BGR","Bulgaria","5110","Area","6621","Arable land","2020","2020","1000 ha","3492","A","Official figure"
"RL","Land Use","BGR","Bulgaria","5110","Area","6655","Permanent meadows and pastures","2020","2020","1000 ha","1404","A","Official figure"
"RL","Land Use","BFA","Burkina Faso","5110","Area","6610","Agricultural land","2020","2020","1000 ha","12614","I","Imputed value"
"RL","Land Use","BFA","Burkina Faso","5110","Area","6621","Arable land","2020","2020","1000 ha","6004","I","Imputed value"
"RL","Land Use","BFA","Burkina Faso","5110","Area","6655","Permanent meadows and pastures","2020","2020","1000 ha","6000","I","Imputed value"
"RL","Land Use","BDI","Burundi","5110","Area","6610","Agricultural land","2020","2020","1000 ha","2076","I","Imputed value"
"RL","Land Use","BDI","Burundi","5110","Area","6621","Arable land","2020","2020","1000 ha","1243","I","Imputed value"
"RL","Land Use","BDI","Burundi","5110","Area","6655","Permanent meadows and pastures","2020","2020","1000 ha","483","I","Imputed value"
"RL","Land Use","CPV","Cabo Verde","5110","Area","6610","Agricultural land","2020","2020","1000 ha","79","I","Imputed value"
"RL","Land Use","CPV","Cabo Verde","5110","Area","6621","Arable land","2020","2020","1000 ha","50","I","Imputed value"
"RL","Land Use","CPV","Cabo Verde","5110","Area","6655","Permanent meadows and pastures","2020","2020","1000 ha","25","I","Imputed value"
"RL","Land Use","KHM","Cambodia","5110","Area","6610","Agricultural land","2020","2020","1000 ha","6045.3877","I","Imputed value"
"RL","Land Use","KHM","Cambodia","5110","Area","6621","Arable land","2020","2020","1000 ha","4090.3877","I","Imputed value"
"RL","Land Use","KHM","Cambodia","5110","Area","6655","Permanent meadows and pastures","2020","2020","1000 ha","1500","I","Imputed value"
"RL","Land Use","CMR","Cameroon","5110","Area","6610","Agricultural land","2020","2020","1000 ha","9750","I","Imputed value"
"RL","Land Use","CMR","Cameroon","5110","Area","6621","Arable land","2020","2020","1000 ha","6200","I","Imputed value"
"RL","Land Use","CMR","Cameroon","5110","Area","6655","Permanent meadows and pastures","2020","2020","1000 ha","2000","I","Imputed value"
"RL","Land Use","CAN","Canada","5110","Area","6610","Agricultural land","2020","2020","1000 ha","57117.4","I","Imputed value"
"RL","Land Use","CAN","Canada","5110","Area","6621","Arable land","2020","2020","1000 ha","38235","A","Official figure"
"RL","Land Use","CAN","Canada","5110","Area","6655","Permanent meadows and pastures","2020","2020","1000 ha","18716.4","I","Imputed value"
"RL","Land Use","CYM","Cayman Islands","5110","Area","6610","Agricultural land","2020","2020","1000 ha","2.7","I","Imputed value"
"RL","Land Use","CYM","Cayman Islands","5110","Area","6621","Arable land","2020","2020","1000 ha","0.2","I","Imputed value"
"RL","Land Use","CYM","Cayman Islands","5110","Area","6655","Permanent meadows and pastures","2020","2020","1000 ha","2","I","Imputed value"
"RL","Land Use","CAF","Central African Republic","5110","Area","6610","Agricultural land","2020","2020","1000 ha","4909","I","Imputed value"
"RL","Land Use","CAF","Central African Republic","5110","Area","6621","Arable land","2020","2020","1000 ha","1800","I","Imputed value"
"RL","Land Use","CAF","Central African Republic","5110","Area","6655","Permanent meadows and pastures","2020","2020","1000 ha","2990","I","Imputed value"
"RL","Land Use","TCD","Chad","5110","Area","6610","Agricultural land","2020","2020","1000 ha","50338","I","Imputed value"
"RL","Land Use","TCD","Chad","5110","Area","6621","Arable land","2020","2020","1000 ha","5300","I","Imputed value"
"RL","Land Use","TCD","Chad","5110","Area","6655","Permanent meadows and pastures","2020","2020","1000 ha","45000","I","Imputed value"
"RL","Land Use","CHA","Channel Islands","5110","Area","6610","Agricultural land","2020","2020","1000 ha","8.57","I","Imputed value"
"RL","Land Use","CHA","Channel Islands","5110","Area","6621","Arable land","2020","2020","1000 ha","3.63","I","Imputed value"
"RL","Land Use","CHA","Channel Islands","5110","Area","6655","Permanent meadows and pastures","2020","2020","1000 ha","4.94","I","Imputed value"
"RL","Land Use","CHL","Chile","5110","Area","6610","Agricultural land","2020","2020","1000 ha","10964.163","I","Imputed value"
"RL","Land Use","CHL","Chile","5110","Area","6621","Arable land","2020","2020","1000 ha","1310.907","I","Imputed value"
"RL","Land Use","CHL","Chile","5110","Area","6655","Permanent meadows and pastures","2020","2020","1000 ha","9157.163","I","Imputed value"
"RL","Land Use","F351","China","5110","Area","6610","Agricultural land","2020","2020","1000 ha","521489.1","E","Estimated value"
"RL","Land Use","F351","China","5110","Area","6621","Arable land","2020","2020","1000 ha","109564.1","E","Estimated value"
"RL","Land Use","F351","China","5110","Area","6655","Permanent meadows and pastures","2020","2020","1000 ha","392834","E","Estimated value"
"RL","Land Use","HKG","China, Hong Kong SAR","5110","Area","6610","Agricultural land","2020","2020","1000 ha","4","A","Official figure"
"RL","Land Use","HKG","China, Hong Kong SAR","5110","Area","6621","Arable land","2020","2020","1000 ha","2","I","Imputed value"
"RL","Land Use","HKG","China, Hong Kong SAR","5110","Area","6655","Permanent meadows and pastures","2020","2020","1000 ha","1","I","Imputed value"
"RL","Land Use","CHN","China, mainland","5110","Area","6610","Agricultural land","2020","2020","1000 ha","520695","I","Imputed value"
"RL","Land Use","CHN","China, mainland","5110","Area","6621","Arable land","2020","2020","1000 ha","108962","I","Imputed value"
"RL","Land Use","CHN","China, mainland","5110","Area","6655","Permanent meadows and pastures","2020","2020","1000 ha","392833","I","Imputed value"
"RL","Land Use","TWN","China, Taiwan Province of","5110","Area","6610","Agricultural land","2020","2020","1000 ha","790.1","A","Official figure"
"RL","Land Use","TWN","China, Taiwan Province of","5110","Area","6621","Arable land","2020","2020","1000 ha","600.1","I","Imputed value"
"RL","Land Use","COL","Colombia","5110","Area","6610","Agricultural land","2020","2020","1000 ha","44052.278","I","Imputed value"
"RL","Land Use","COL","Colombia","5110","Area","6621","Arable land","2020","2020","1000 ha","2043","I","Imputed value"
"RL","Land Use","COL","Colombia","5110","Area","6655","Permanent meadows and pastures","2020","2020","1000 ha","39504.278","A","Official figure"
"RL","Land Use","COM","Comoros","5110","Area","6610","Agricultural land","2020","2020","1000 ha","133","I","Imputed value"
"RL","Land Use","COM","Comoros","5110","Area","6621","Arable land","2020","2020","1000 ha","65","I","Imputed value"
"RL","Land Use","COM","Comoros","5110","Area","6655","Permanent meadows and pastures","2020","2020","1000 ha","15","I","Imputed value"
"RL","Land Use","COG","Congo","5110","Area","6610","Agricultural land","2020","2020","1000 ha","10639","I","Imputed value"
"RL","Land Use","COG","Congo","5110","Area","6621","Arable land","2020","2020","1000 ha","550","I","Imputed value"
"RL","Land Use","COG","Congo","5110","Area","6655","Permanent meadows and pastures","2020","2020","1000 ha","10000","I","Imputed value"
"RL","Land Use","COK","Cook Islands","5110","Area","6610","Agricultural land","2020","2020","1000 ha","1.9","I","Imputed value"
"RL","Land Use","COK","Cook Islands","5110","Area","6621","Arable land","2020","2020","1000 ha","0.5","I","Imputed value"
"RL","Land Use","CRI","Costa Rica","5110","Area","6610","Agricultural land","2020","2020","1000 ha","1786","I","Imputed value"
"RL","Land Use","CRI","Costa Rica","5110","Area","6621","Arable land","2020","2020","1000 ha","243","I","Imputed value"
"RL","Land Use","CRI","Costa Rica","5110","Area","6655","Permanent meadows and pastures","2020","2020","1000 ha","1200","I","Imputed value"
"RL","Land Use","CIV","Côte d'Ivoire","5110","Area","6610","Agricultural land","2020","2020","1000 ha","23300","I","Imputed value"
"RL","Land Use","CIV","Côte d'Ivoire","5110","Area","6621","Arable land","2020","2020","1000 ha","3500","I","Imputed value"
"RL","Land Use","CIV","Côte d'Ivoire","5110","Area","6655","Permanent meadows and pastures","2020","2020","1000 ha","13200","I","Imputed value"
"RL","Land Use","HRV","Croatia","5110","Area","6610","Agricultural land","2020","2020","1000 ha","1505","A","Official figure"
"RL","Land Use","HRV","Croatia","5110","Area","6621","Arable land","2020","2020","1000 ha","889","A","Official figure"
"RL","Land Use","HRV","Croatia","5110","Area","6655","Permanent meadows and pastures","2020","2020","1000 ha","537","A","Official figure"
"RL","Land Use","CUB","Cuba","5110","Area","6610","Agricultural land","2020","2020","1000 ha","6401","A","Official figure"
"RL","Land Use","CUB","Cuba","5110","Area","6621","Arable land","2020","2020","1000 ha","2908.6","I","Imputed value"
"RL","Land Use","CUB","Cuba","5110","Area","6655","Permanent meadows and pastures","2020","2020","1000 ha","2839.4","I","Imputed value"
"RL","Land Use","CYP","Cyprus","5110","Area","6610","Agricultural land","2020","2020","1000 ha","127.6493","A","Official figure"
"RL","Land Use","CYP","Cyprus","5110","Area","6621","Arable land","2020","2020","1000 ha","99.4483","A","Official figure"
"RL","Land Use","CYP","Cyprus","5110","Area","6655","Permanent meadows and pastures","2020","2020","1000 ha","2.257","A","Official figure"
"RL","Land Use","CZE","Czechia","5110","Area","6610","Agricultural land","2020","2020","1000 ha","3523.871","A","Official figure"
"RL","Land Use","CZE","Czechia","5110","Area","6621","Arable land","2020","2020","1000 ha","2484.154","A","Official figure"
"RL","Land Use","CZE","Czechia","5110","Area","6655","Permanent meadows and pastures","2020","2020","1000 ha","989.609","A","Official figure"
"RL","Land Use","PRK","Democratic People's Republic of Korea","5110","Area","6610","Agricultural land","2020","2020","1000 ha","2595","I","Imputed value"
"RL","Land Use","PRK","Democratic People's Republic of Korea","5110","Area","6621","Arable land","2020","2020","1000 ha","2295","I","Imputed value"
"RL","Land Use","PRK","Democratic People's Republic of Korea","5110","Area","6655","Permanent meadows and pastures","2020","2020","1000 ha","50","I","Imputed value"
"RL","Land Use","COD","Democratic Republic of the Congo","5110","Area","6610","Agricultural land","2020","2020","1000 ha","33895","I","Imputed value"
"RL","Land Use","COD","Democratic Republic of the Congo","5110","Area","6621","Arable land","2020","2020","1000 ha","13680","I","Imputed value"
"RL","Land Use","COD","Democratic Republic of the Congo","5110","Area","6655","Permanent meadows and pastures","2020","2020","1000 ha","18200","I","Imputed value"
"RL","Land Use","DNK","Denmark","5110","Area","6610","Agricultural land","2020","2020","1000 ha","2619.987","A","Official figure"
"RL","Land Use","DNK","Denmark","5110","Area","6621","Arable land","2020","2020","1000 ha","2370.93","A","Official figure"
"RL","Land Use","DNK","Denmark","5110","Area","6655","Permanent meadows and pastures","2020","2020","1000 ha","222.405","A","Official figure"
"RL","Land Use","DJI","Djibouti","5110","Area","6610","Agricultural land","2020","2020","1000 ha","1703.9","I","Imputed value"
"RL","Land Use","DJI","Djibouti","5110","Area","6621","Arable land","2020","2020","1000 ha","3","I","Imputed value"
"RL","Land Use","DJI","Djibouti","5110","Area","6655","Permanent meadows and pastures","2020","2020","1000 ha","1700","I","Imputed value"
"RL","Land Use","DMA","Dominica","5110","Area","6610","Agricultural land","2020","2020","1000 ha","25","I","Imputed value"
"RL","Land Use","DMA","Dominica","5110","Area","6621","Arable land","2020","2020","1000 ha","6","I","Imputed value"
"RL","Land Use","DMA","Dominica","5110","Area","6655","Permanent meadows and pastures","2020","2020","1000 ha","2","I","Imputed value"
"RL","Land Use","DOM","Dominican Republic","5110","Area","6610","Agricultural land","2020","2020","1000 ha","2429","I","Imputed value"
"RL","Land Use","DOM","Dominican Republic","5110","Area","6621","Arable land","2020","2020","1000 ha","877","I","Imputed value"
"RL","Land Use","DOM","Dominican Republic","5110","Area","6655","Permanent meadows and pastures","2020","2020","1000 ha","1197","I","Imputed value"
"RL","Land Use","ECU","Ecuador","5110","Area","6610","Agricultural land","2020","2020","1000 ha","5420","A","Official figure"
"RL","Land Use","ECU","Ecuador","5110","Area","6621","Arable land","2020","2020","1000 ha","1038","A","Official figure"
"RL","Land Use","ECU","Ecuador","5110","Area","6655","Permanent meadows and pastures","2020","2020","1000 ha","2939","A","Official figure"
"RL","Land Use","EGY","Egypt","5110","Area","6610","Agricultural land","2020","2020","1000 ha","3971","A","Official figure"
"RL","Land Use","EGY","Egypt","5110","Area","6621","Arable land","2020","2020","1000 ha","3365","I","Imputed value"
"RL","Land Use","SLV","El Salvador","5110","Area","6610","Agricultural land","2020","2020","1000 ha","1195.7","I","Imputed value"
"RL","Land Use","SLV","El Salvador","5110","Area","6621","Arable land","2020","2020","1000 ha","721","I","Imputed value"
"RL","Land Use","SLV","El Salvador","5110","Area","6655","Permanent meadows and pastures","2020","2020","1000 ha","314.7","I","Imputed value"
"RL","Land Use","GNQ","Equatorial Guinea","5110","Area","6610","Agricultural land","2020","2020","1000 ha","104.92","I","Imputed value"
"RL","Land Use","GNQ","Equatorial Guinea","5110","Area","6621","Arable land","2020","2020","1000 ha","53","I","Imputed value"
"RL","Land Use","GNQ","Equatorial Guinea","5110","Area","6655","Permanent meadows and pastures","2020","2020","1000 ha","4.92","I","Imputed value"
"RL","Land Use","ERI","Eritrea","5110","Area","6610","Agricultural land","2020","2020","1000 ha","7592","I","Imputed value"
"RL","Land Use","ERI","Eritrea","5110","Area","6621","Arable land","2020","2020","1000 ha","690","I","Imputed value"
"RL","Land Use","ERI","Eritrea","5110","Area","6655","Permanent meadows and pastures","2020","2020","1000 ha","6900","I","Imputed value"
"RL","Land Use","EST","Estonia","5110","Area","6610","Agricultural land","2020","2020","1000 ha","985","A","Official figure"
"RL","Land Use","EST","Estonia","5110","Area","6621","Arable land","2020","2020","1000 ha","694","A","Official figure"
"RL","Land Use","EST","Estonia","5110","Area","6655","Permanent meadows and pastures","2020","2020","1000 ha","286","A","Official figure"
"RL","Land Use","SWZ","Eswatini","5110","Area","6610","Agricultural land","2020","2020","1000 ha","1195","I","Imputed value"
"RL","Land Use","SWZ","Eswatini","5110","Area","6621","Arable land","2020","2020","1000 ha","177","I","Imputed value"
"RL","Land Use","SWZ","Eswatini","5110","Area","6655","Permanent meadows and pastures","2020","2020","1000 ha","1000","I","Imputed value"
"RL","Land Use","ETH","Ethiopia","5110","Area","6610","Agricultural land","2020","2020","1000 ha","38476.1","I","Imputed value"
"RL","Land Use","ETH","Ethiopia","5110","Area","6621","Arable land","2020","2020","1000 ha","16195.1","I","Imputed value"
"RL","Land Use","ETH","Ethiopia","5110","Area","6655","Permanent meadows and pastures","2020","2020","1000 ha","20000","I","Imputed value"
"RL","Land Use","FLK","Falkland Islands (Malvinas)","5110","Area","6610","Agricultural land","2020","2020","1000 ha","1135.7","I","Imputed value"
"RL","Land Use","FLK","Falkland Islands (Malvinas)","5110","Area","6655","Permanent meadows and pastures","2020","2020","1000 ha","1135.7","A","Official figure"
"RL","Land Use","FRO","Faroe Islands","5110","Area","6610","Agricultural land","2020","2020","1000 ha","96.07","A","Official figure"
"RL","Land Use","FRO","Faroe Islands","5110","Area","6621","Arable land","2020","2020","1000 ha","0.07","A","Official figure"
"RL","Land Use","FRO","Faroe Islands","5110","Area","6655","Permanent meadows and pastures","2020","2020","1000 ha","96","A","Official figure"
"RL","Land Use","FJI","Fiji","5110","Area","6610","Agricultural land","2020","2020","1000 ha","311.6","I","Imputed value"
"RL","Land Use","FJI","Fiji","5110","Area","6621","Arable land","2020","2020","1000 ha","76.8","A","Official figure"
"RL","Land Use","FJI","Fiji","5110","Area","6655","Permanent meadows and pastures","2020","2020","1000 ha","173","I","Imputed value"
"RL","Land Use","FIN","Finland","5110","Area","6610","Agricultural land","2020","2020","1000 ha","2270","A","Official figure"
"RL","Land Use","FIN","Finland","5110","Area","6621","Arable land","2020","2020","1000 ha","2243","A","Official figure"
"RL","Land Use","FIN","Finland","5110","Area","6655","Permanent meadows and pastures","2020","2020","1000 ha","22","A","Official figure"
"RL","Land Use","FRA","France","5110","Area","6610","Agricultural land","2020","2020","1000 ha","28553.754","A","Official figure"
"RL","Land Use","FRA","France","5110","Area","6621","Arable land","2020","2020","1000 ha","17956.56","I","Imputed value"
"RL","Land Use","FRA","France","5110","Area","6655","Permanent meadows and pastures","2020","2020","1000 ha","9583.214","A","Official figure"
"RL","Land Use","GUF","French Guiana","5110","Area","6610","Agricultural land","2020","2020","1000 ha","32.52","A","Official figure"
"RL","Land Use","GUF","French Guiana","5110","Area","6621","Arable land","2020","2020","1000 ha","13.28","A","Official figure"
"RL","Land Use","GUF","French Guiana","5110","Area","6655","Permanent meadows and pastures","2020","2020","1000 ha","13.7","A","Official figure"
"RL","Land Use","PYF","French Polynesia","5110","Area","6610","Agricultural land","2020","2020","1000 ha","48.5","I","Imputed value"
"RL","Land Use","PYF","French Polynesia","5110","Area","6621","Arable land","2020","2020","1000 ha","2.5","I","Imputed value"
"RL","Land Use","PYF","French Polynesia","5110","Area","6655","Permanent meadows and pastures","2020","2020","1000 ha","20","I","Imputed value"
"RL","Land Use","GAB","Gabon","5110","Area","6610","Agricultural land","2020","2020","1000 ha","2153.236","I","Imputed value"
"RL","Land Use","GAB","Gabon","5110","Area","6621","Arable land","2020","2020","1000 ha","325","I","Imputed value"
"RL","Land Use","GAB","Gabon","5110","Area","6655","Permanent meadows and pastures","2020","2020","1000 ha","1658.236","I","Imputed value"
"RL","Land Use","GMB","Gambia","5110","Area","6610","Agricultural land","2020","2020","1000 ha","634","I","Imputed value"
"RL","Land Use","GMB","Gambia","5110","Area","6621","Arable land","2020","2020","1000 ha","440","I","Imputed value"
"RL","Land Use","GMB","Gambia","5110","Area","6655","Permanent meadows and pastures","2020","2020","1000 ha","187","I","Imputed value"
"RL","Land Use","GEO","Georgia","5110","Area","6610","Agricultural land","2020","2020","1000 ha","2377.9","I","Imputed value"
"RL","Land Use","GEO","Georgia","5110","Area","6621","Arable land","2020","2020","1000 ha","310","I","Imputed value"
"RL","Land Use","GEO","Georgia","5110","Area","6655","Permanent meadows and pastures","2020","2020","1000 ha","1940","I","Imputed value"
"RL","Land Use","DEU","Germany","5110","Area","6610","Agricultural land","2020","2020","1000 ha","16595","A","Official figure"
"RL","Land Use","DEU","Germany","5110","Area","6621","Arable land","2020","2020","1000 ha","11664","A","Official figure"
"RL","Land Use","DEU","Germany","5110","Area","6655","Permanent meadows and pastures","2020","2020","1000 ha","4730","A","Official figure"
"RL","Land Use","GHA","Ghana","5110","Area","6610","Agricultural land","2020","2020","1000 ha","12603.74","I","Imputed value"
"RL","Land Use","GHA","Ghana","5110","Area","6621","Arable land","2020","2020","1000 ha","4709.9","A","Official figure"
"RL","Land Use","GHA","Ghana","5110","Area","6655","Permanent meadows and pastures","2020","2020","1000 ha","5186.24","I","Imputed value"
"RL","Land Use","GRC","Greece","5110","Area","6610","Agricultural land","2020","2020","1000 ha","5867.188","I","Imputed value"
"RL","Land Use","GRC","Greece","5110","Area","6621","Arable land","2020","2020","1000 ha","2131.9304","I","Imputed value"
"RL","Land Use","GRC","Greece","5110","Area","6655","Permanent meadows and pastures","2020","2020","1000 ha","2647.0279","I","Imputed value"
"RL","Land Use","GRL","Greenland","5110","Area","6610","Agricultural land","2020","2020","1000 ha","243.11","I","Imputed value"
"RL","Land Use","GRL","Greenland","5110","Area","6655","Permanent meadows and pastures","2020","2020","1000 ha","243.11","A","Official figure"
"RL","Land Use","GRD","Grenada","5110","Area","6610","Agricultural land","2020","2020","1000 ha","8","I","Imputed value"
"RL","Land Use","GRD","Grenada","5110","Area","6621","Arable land","2020","2020","1000 ha","3","I","Imputed value"
"RL","Land Use","GRD","Grenada","5110","Area","6655","Permanent meadows and pastures","2020","2020","1000 ha","1","I","Imputed value"
"RL","Land Use","GLP","Guadeloupe","5110","Area","6610","Agricultural land","2020","2020","1000 ha","49.91","A","Official figure"
"RL","Land Use","GLP","Guadeloupe","5110","Area","6621","Arable land","2020","2020","1000 ha","21.76","A","Official figure"
"RL","Land Use","GLP","Guadeloupe","5110","Area","6655","Permanent meadows and pastures","2020","2020","1000 ha","25.302","A","Official figure"
"RL","Land Use","GUM","Guam","5110","Area","6610","Agricultural land","2020","2020","1000 ha","16","I","Imputed value"
"RL","Land Use","GUM","Guam","5110","Area","6621","Arable land","2020","2020","1000 ha","1","I","Imputed value"
"RL","Land Use","GUM","Guam","5110","Area","6655","Permanent meadows and pastures","2020","2020","1000 ha","8","I","Imputed value"
"RL","Land Use","GTM","Guatemala","5110","Area","6610","Agricultural land","2020","2020","1000 ha","4612","I","Imputed value"
"RL","Land Use","GTM","Guatemala","5110","Area","6621","Arable land","2020","2020","1000 ha","1554","I","Imputed value"
"RL","Land Use","GTM","Guatemala","5110","Area","6655","Permanent meadows and pastures","2020","2020","1000 ha","1875","A","Official figure"
"RL","Land Use","GIN","Guinea","5110","Area","6610","Agricultural land","2020","2020","1000 ha","14635","I","Imputed value"
"RL","Land Use","GIN","Guinea","5110","Area","6621","Arable land","2020","2020","1000 ha","3100","I","Imputed value"
"RL","Land Use","GIN","Guinea","5110","Area","6655","Permanent meadows and pastures","2020","2020","1000 ha","10700","I","Imputed value"
"RL","Land Use","GNB","Guinea-Bissau","5110","Area","6610","Agricultural land","2020","2020","1000 ha","815.11","I","Imputed value"
"RL","Land Use","GNB","Guinea-Bissau","5110","Area","6621","Arable land","2020","2020","1000 ha","300","I","Imputed value"
"RL","Land Use","GNB","Guinea-Bissau","5110","Area","6655","Permanent meadows and pastures","2020","2020","1000 ha","265.11","I","Imputed value"
"RL","Land Use","GUY","Guyana","5110","Area","6610","Agricultural land","2020","2020","1000 ha","1042","I","Imputed value"
"RL","Land Use","GUY","Guyana","5110","Area","6621","Arable land","2020","2020","1000 ha","420","I","Imputed value"
"RL","Land Use","GUY","Guyana","5110","Area","6655","Permanent meadows and pastures","2020","2020","1000 ha","594","I","Imputed value"
"RL","Land Use","HTI","Haiti","5110","Area","6610","Agricultural land","2020","2020","1000 ha","1790","I","Imputed value"
"RL","Land Use","HTI","Haiti","5110","Area","6621","Arable land","2020","2020","1000 ha","1000","I","Imputed value"
"RL","Land Use","HTI","Haiti","5110","Area","6655","Permanent meadows and pastures","2020","2020","1000 ha","490","I","Imputed value"
"RL","Land Use","HND","Honduras","5110","Area","6610","Agricultural land","2020","2020","1000 ha","3538","I","Imputed value"
"RL","Land Use","HND","Honduras","5110","Area","6621","Arable land","2020","2020","1000 ha","1018","I","Imputed value"
"RL","Land Use","HND","Honduras","5110","Area","6655","Permanent meadows and pastures","2020","2020","1000 ha","1944","I","Imputed value"
"RL","Land Use","HUN","Hungary","5110","Area","6610","Agricultural land","2020","2020","1000 ha","4916.6726","A","Official figure"
"RL","Land Use","HUN","Hungary","5110","Area","6621","Arable land","2020","2020","1000 ha","4025.9695","A","Official figure"
"RL","Land Use","HUN","Hungary","5110","Area","6655","Permanent meadows and pastures","2020","2020","1000 ha","732.5369","A","Official figure"
"RL","Land Use","ISL","Iceland","5110","Area","6610","Agricultural land","2020","2020","1000 ha","1872","A","Official figure"
"RL","Land Use","ISL","Iceland","5110","Area","6621","Arable land","2020","2020","1000 ha","121","A","Official figure"
"RL","Land Use","ISL","Iceland","5110","Area","6655","Permanent meadows and pastures","2020","2020","1000 ha","1751","A","Official figure"
"RL","Land Use","IND","India","5110","Area","6610","Agricultural land","2020","2020","1000 ha","178527.759","I","Imputed value"
"RL","Land Use","IND","India","5110","Area","6621","Arable land","2020","2020","1000 ha","154447.948","I","Imputed value"
"RL","Land Use","IND","India","5110","Area","6655","Permanent meadows and pastures","2020","2020","1000 ha","10479.811","A","Official figure"
"RL","Land Use","IDN","Indonesia","5110","Area","6610","Agricultural land","2020","2020","1000 ha","64300","I","Imputed value"
"RL","Land Use","IDN","Indonesia","5110","Area","6621","Arable land","2020","2020","1000 ha","26300","I","Imputed value"
"RL","Land Use","IDN","Indonesia","5110","Area","6655","Permanent meadows and pastures","2020","2020","1000 ha","11000","I","Imputed value"
"RL","Land Use","IRN","Iran (Islamic Republic of)","5110","Area","6610","Agricultural land","2020","2020","1000 ha","47027.6667","I","Imputed value"
"RL","Land Use","IRN","Iran (Islamic Republic of)","5110","Area","6621","Arable land","2020","2020","1000 ha","15659.6667","I","Imputed value"
"RL","Land Use","IRN","Iran (Islamic Republic of)","5110","Area","6655","Permanent meadows and pastures","2020","2020","1000 ha","29477","I","Imputed value"
"RL","Land Use","IRQ","Iraq","5110","Area","6610","Agricultural land","2020","2020","1000 ha","9439","I","Imputed value"
"RL","Land Use","IRQ","Iraq","5110","Area","6621","Arable land","2020","2020","1000 ha","4969","I","Imputed value"
"RL","Land Use","IRQ","Iraq","5110","Area","6655","Permanent meadows and pastures","2020","2020","1000 ha","4000","A","Official figure"
"RL","Land Use","IRL","Ireland","5110","Area","6610","Agricultural land","2020","2020","1000 ha","4512","A","Official figure"
"RL","Land Use","IRL","Ireland","5110","Area","6621","Arable land","2020","2020","1000 ha","444","A","Official figure"
"RL","Land Use","IRL","Ireland","5110","Area","6655","Permanent meadows and pastures","2020","2020","1000 ha","4067","A","Official figure"
"RL","Land Use","IMN","Isle of Man","5110","Area","6610","Agricultural land","2020","2020","1000 ha","39.8","I","Imputed value"
"RL","Land Use","IMN","Isle of Man","5110","Area","6621","Arable land","2020","2020","1000 ha","23.5","I","Imputed value"
"RL","Land Use","IMN","Isle of Man","5110","Area","6655","Permanent meadows and pastures","2020","2020","1000 ha","16.3","I","Imputed value"
"RL","Land Use","ISR","Israel","5110","Area","6610","Agricultural land","2020","2020","1000 ha","646.4","I","Imputed value"
"RL","Land Use","ISR","Israel","5110","Area","6621","Arable land","2020","2020","1000 ha","380","I","Imputed value"
"RL","Land Use","ISR","Israel","5110","Area","6655","Permanent meadows and pastures","2020","2020","1000 ha","165","A","Official figure"
"RL","Land Use","ITA","Italy","5110","Area","6610","Agricultural land","2020","2020","1000 ha","12518.37","A","Official figure"
"RL","Land Use","ITA","Italy","5110","Area","6621","Arable land","2020","2020","1000 ha","7199.414","A","Official figure"
"RL","Land Use","ITA","Italy","5110","Area","6655","Permanent meadows and pastures","2020","2020","1000 ha","3133.8","A","Official figure"
"RL","Land Use","JAM","Jamaica","5110","Area","6610","Agricultural land","2020","2020","1000 ha","417","I","Imputed value"
"RL","Land Use","JAM","Jamaica","5110","Area","6621","Arable land","2020","2020","1000 ha","120","I","Imputed value"
"RL","Land Use","JAM","Jamaica","5110","Area","6655","Permanent meadows and pastures","2020","2020","1000 ha","229","I","Imputed value"
"RL","Land Use","JPN","Japan","5110","Area","6610","Agricultural land","2020","2020","1000 ha","4682","I","Imputed value"
"RL","Land Use","JPN","Japan","5110","Area","6621","Arable land","2020","2020","1000 ha","4104","A","Official figure"
"RL","Land Use","JPN","Japan","5110","Area","6655","Permanent meadows and pastures","2020","2020","1000 ha","310","A","Official figure"
"RL","Land Use","JOR","Jordan","5110","Area","6610","Agricultural land","2020","2020","1000 ha","1029","A","Official figure"
"RL","Land Use","JOR","Jordan","5110","Area","6621","Arable land","2020","2020","1000 ha","206","A","Official figure"
"RL","Land Use","JOR","Jordan","5110","Area","6655","Permanent meadows and pastures","2020","2020","1000 ha","742","A","Official figure"
"RL","Land Use","KAZ","Kazakhstan","5110","Area","6610","Agricultural land","2020","2020","1000 ha","214003.2","I","Imputed value"
"RL","Land Use","KAZ","Kazakhstan","5110","Area","6621","Arable land","2020","2020","1000 ha","29553.2","I","Imputed value"
"RL","Land Use","KAZ","Kazakhstan","5110","Area","6655","Permanent meadows and pastures","2020","2020","1000 ha","184318","A","Official figure"
"RL","Land Use","KEN","Kenya","5110","Area","6610","Agricultural land","2020","2020","1000 ha","27710","I","Imputed value"
"RL","Land Use","KEN","Kenya","5110","Area","6621","Arable land","2020","2020","1000 ha","5800","I","Imputed value"
"RL","Land Use","KEN","Kenya","5110","Area","6655","Permanent meadows and pastures","2020","2020","1000 ha","21300","I","Imputed value"
"RL","Land Use","KIR","Kiribati","5110","Area","6610","Agricultural land","2020","2020","1000 ha","34","I","Imputed value"
"RL","Land Use","KIR","Kiribati","5110","Area","6621","Arable land","2020","2020","1000 ha","2","I","Imputed value"
"RL","Land Use","KWT","Kuwait","5110","Area","6610","Agricultural land","2020","2020","1000 ha","150","I","Imputed value"
"RL","Land Use","KWT","Kuwait","5110","Area","6621","Arable land","2020","2020","1000 ha","8","I","Imputed value"
"RL","Land Use","KWT","Kuwait","5110","Area","6655","Permanent meadows and pastures","2020","2020","1000 ha","136","I","Imputed value"
"RL","Land Use","KGZ","Kyrgyzstan","5110","Area","6610","Agricultural land","2020","2020","1000 ha","10367.8","A","Official figure"
"RL","Land Use","KGZ","Kyrgyzstan","5110","Area","6621","Arable land","2020","2020","1000 ha","1287.4","A","Official figure"
"RL","Land Use","KGZ","Kyrgyzstan","5110","Area","6655","Permanent meadows and pastures","2020","2020","1000 ha","9003.7","A","Official figure"
"RL","Land Use","LAO","Lao People's Democratic Republic","5110","Area","6610","Agricultural land","2020","2020","1000 ha","2031","I","Imputed value"
"RL","Land Use","LAO","Lao People's Democratic Republic","5110","Area","6621","Arable land","2020","2020","1000 ha","1224","A","Official figure"
"RL","Land Use","LAO","Lao People's Democratic Republic","5110","Area","6655","Permanent meadows and pastures","2020","2020","1000 ha","677","I","Imputed value"
"RL","Land Use","LVA","Latvia","5110","Area","6610","Agricultural land","2020","2020","1000 ha","1969","A","Official figure"
"RL","Land Use","LVA","Latvia","5110","Area","6621","Arable land","2020","2020","1000 ha","1334","A","Official figure"
"RL","Land Use","LVA","Latvia","5110","Area","6655","Permanent meadows and pastures","2020","2020","1000 ha","626","A","Official figure"
"RL","Land Use","LBN","Lebanon","5110","Area","6610","Agricultural land","2020","2020","1000 ha","677.3","I","Imputed value"
"RL","Land Use","LBN","Lebanon","5110","Area","6621","Arable land","2020","2020","1000 ha","137.3","I","Imputed value"
"RL","Land Use","LBN","Lebanon","5110","Area","6655","Permanent meadows and pastures","2020","2020","1000 ha","400","I","Imputed value"
"RL","Land Use","LSO","Lesotho","5110","Area","6610","Agricultural land","2020","2020","1000 ha","2433","I","Imputed value"
"RL","Land Use","LSO","Lesotho","5110","Area","6621","Arable land","2020","2020","1000 ha","429","I","Imputed value"
"RL","Land Use","LSO","Lesotho","5110","Area","6655","Permanent meadows and pastures","2020","2020","1000 ha","2000","I","Imputed value"
"RL","Land Use","LBR","Liberia","5110","Area","6610","Agricultural land","2020","2020","1000 ha","1923.04","I","Imputed value"
"RL","Land Use","LBR","Liberia","5110","Area","6621","Arable land","2020","2020","1000 ha","500","I","Imputed value"
"RL","Land Use","LBR","Liberia","5110","Area","6655","Permanent meadows and pastures","2020","2020","1000 ha","1223.04","I","Imputed value"
"RL","Land Use","LBY","Libya","5110","Area","6610","Agricultural land","2020","2020","1000 ha","15350","I","Imputed value"
"RL","Land Use","LBY","Libya","5110","Area","6621","Arable land","2020","2020","1000 ha","1720","I","Imputed value"
"RL","Land Use","LBY","Libya","5110","Area","6655","Permanent meadows and pastures","2020","2020","1000 ha","13300","I","Imputed value"
"RL","Land Use","LIE","Liechtenstein","5110","Area","6610","Agricultural land","2020","2020","1000 ha","5.17","I","Imputed value"
"RL","Land Use","LIE","Liechtenstein","5110","Area","6621","Arable land","2020","2020","1000 ha","1.73","I","Imputed value"
"RL","Land Use","LIE","Liechtenstein","5110","Area","6655","Permanent meadows and pastures","2020","2020","1000 ha","3.44","I","Imputed value"
"RL","Land Use","LTU","Lithuania","5110","Area","6610","Agricultural land","2020","2020","1000 ha","2942.8","A","Official figure"
"RL","Land Use","LTU","Lithuania","5110","Area","6621","Arable land","2020","2020","1000 ha","2249.4","A","Official figure"
"RL","Land Use","LTU","Lithuania","5110","Area","6655","Permanent meadows and pastures","2020","2020","1000 ha","658","A","Official figure"
"RL","Land Use","LUX","Luxembourg","5110","Area","6610","Agricultural land","2020","2020","1000 ha","132.136","A","Official figure"
"RL","Land Use","LUX","Luxembourg","5110","Area","6621","Arable land","2020","2020","1000 ha","62.13","A","Official figure"
"RL","Land Use","LUX","Luxembourg","5110","Area","6655","Permanent meadows and pastures","2020","2020","1000 ha","68.25","A","Official figure"
"RL","Land Use","MDG","Madagascar","5110","Area","6610","Agricultural land","2020","2020","1000 ha","40895","I","Imputed value"
"RL","Land Use","MDG","Madagascar","5110","Area","6621","Arable land","2020","2020","1000 ha","3000","I","Imputed value"
"RL","Land Use","MDG","Madagascar","5110","Area","6655","Permanent meadows and pastures","2020","2020","1000 ha","37295","I","Imputed value"
"RL","Land Use","MWI","Malawi","5110","Area","6610","Agricultural land","2020","2020","1000 ha","5984","I","Imputed value"
"RL","Land Use","MWI","Malawi","5110","Area","6621","Arable land","2020","2020","1000 ha","3934","I","Imputed value"
"RL","Land Use","MWI","Malawi","5110","Area","6655","Permanent meadows and pastures","2020","2020","1000 ha","1850","I","Imputed value"
"RL","Land Use","MYS","Malaysia","5110","Area","6610","Agricultural land","2020","2020","1000 ha","8571","I","Imputed value"
"RL","Land Use","MYS","Malaysia","5110","Area","6621","Arable land","2020","2020","1000 ha","826","I","Imputed value"
"RL","Land Use","MYS","Malaysia","5110","Area","6655","Permanent meadows and pastures","2020","2020","1000 ha","285","I","Imputed value"
"RL","Land Use","MDV","Maldives","5110","Area","6610","Agricultural land","2020","2020","1000 ha","6.4","I","Imputed value"
"RL","Land Use","MDV","Maldives","5110","Area","6621","Arable land","2020","2020","1000 ha","3.9","I","Imputed value"
"RL","Land Use","MDV","Maldives","5110","Area","6655","Permanent meadows and pastures","2020","2020","1000 ha","1","I","Imputed value"
"RL","Land Use","MLI","Mali","5110","Area","6610","Agricultural land","2020","2020","1000 ha","42942","I","Imputed value"
"RL","Land Use","MLI","Mali","5110","Area","6621","Arable land","2020","2020","1000 ha","8152","I","Imputed value"
"RL","Land Use","MLI","Mali","5110","Area","6655","Permanent meadows and pastures","2020","2020","1000 ha","34640","I","Imputed value"
"RL","Land Use","MLT","Malta","5110","Area","6610","Agricultural land","2020","2020","1000 ha","9.11","I","Imputed value"
"RL","Land Use","MLT","Malta","5110","Area","6621","Arable land","2020","2020","1000 ha","7.8","A","Official figure"
"RL","Land Use","MHL","Marshall Islands","5110","Area","6610","Agricultural land","2020","2020","1000 ha","7","I","Imputed value"
"RL","Land Use","MHL","Marshall Islands","5110","Area","6621","Arable land","2020","2020","1000 ha","0.5","I","Imputed value"
"RL","Land Use","MTQ","Martinique","5110","Area","6610","Agricultural land","2020","2020","1000 ha","31.3","A","Official figure"
"RL","Land Use","MTQ","Martinique","5110","Area","6621","Arable land","2020","2020","1000 ha","10.94","A","Official figure"
"RL","Land Use","MTQ","Martinique","5110","Area","6655","Permanent meadows and pastures","2020","2020","1000 ha","14.39","A","Official figure"
"RL","Land Use","MRT","Mauritania","5110","Area","6610","Agricultural land","2020","2020","1000 ha","39710","I","Imputed value"
"RL","Land Use","MRT","Mauritania","5110","Area","6621","Arable land","2020","2020","1000 ha","450","I","Imputed value"
"RL","Land Use","MRT","Mauritania","5110","Area","6655","Permanent meadows and pastures","2020","2020","1000 ha","39250","I","Imputed value"
"RL","Land Use","MUS","Mauritius","5110","Area","6610","Agricultural land","2020","2020","1000 ha","86","I","Imputed value"
"RL","Land Use","MUS","Mauritius","5110","Area","6621","Arable land","2020","2020","1000 ha","75","I","Imputed value"
"RL","Land Use","MUS","Mauritius","5110","Area","6655","Permanent meadows and pastures","2020","2020","1000 ha","7","I","Imputed value"
"RL","Land Use","MYT","Mayotte","5110","Area","6610","Agricultural land","2020","2020","1000 ha","20","A","Official figure"
"RL","Land Use","MYT","Mayotte","5110","Area","6621","Arable land","2020","2020","1000 ha","17.25","A","Official figure"
"RL","Land Use","MYT","Mayotte","5110","Area","6655","Permanent meadows and pastures","2020","2020","1000 ha","0.02","A","Official figure"
"RL","Land Use","MEX","Mexico","5110","Area","6610","Agricultural land","2020","2020","1000 ha","97138","A","Official figure"
"RL","Land Use","MEX","Mexico","5110","Area","6621","Arable land","2020","2020","1000 ha","20071","A","Official figure"
"RL","Land Use","MEX","Mexico","5110","Area","6655","Permanent meadows and pastures","2020","2020","1000 ha","74269","A","Official figure"
"RL","Land Use","FSM","Micronesia (Federated States of)","5110","Area","6610","Agricultural land","2020","2020","1000 ha","5","I","Imputed value"
"RL","Land Use","FSM","Micronesia (Federated States of)","5110","Area","6621","Arable land","2020","2020","1000 ha","2","I","Imputed value"
"RL","Land Use","FSM","Micronesia (Federated States of)","5110","Area","6655","Permanent meadows and pastures","2020","2020","1000 ha","3","I","Imputed value"
"RL","Land Use","MNG","Mongolia","5110","Area","6610","Agricultural land","2020","2020","1000 ha","112699.5469","A","Official figure"
"RL","Land Use","MNG","Mongolia","5110","Area","6621","Arable land","2020","2020","1000 ha","1340.4799","I","Imputed value"
"RL","Land Use","MNG","Mongolia","5110","Area","6655","Permanent meadows and pastures","2020","2020","1000 ha","111354.0669","A","Official figure"
"RL","Land Use","MNE","Montenegro","5110","Area","6610","Agricultural land","2020","2020","1000 ha","257.95","A","Official figure"
"RL","Land Use","MNE","Montenegro","5110","Area","6621","Arable land","2020","2020","1000 ha","9.1","A","Official figure"
"RL","Land Use","MNE","Montenegro","5110","Area","6655","Permanent meadows and pastures","2020","2020","1000 ha","243.3","A","Official figure"
"RL","Land Use","MSR","Montserrat","5110","Area","6610","Agricultural land","2020","2020","1000 ha","3","I","Imputed value"
"RL","Land Use","MSR","Montserrat","5110","Area","6621","Arable land","2020","2020","1000 ha","2","I","Imputed value"
"RL","Land Use","MSR","Montserrat","5110","Area","6655","Permanent meadows and pastures","2020","2020","1000 ha","1","I","Imputed value"
"RL","Land Use","MAR","Morocco","5110","Area","6610","Agricultural land","2020","2020","1000 ha","30358","I","Imputed value"
"RL","Land Use","MAR","Morocco","5110","Area","6621","Arable land","2020","2020","1000 ha","7624","I","Imputed value"
"RL","Land Use","MAR","Morocco","5110","Area","6655","Permanent meadows and pastures","2020","2020","1000 ha","21000","I","Imputed value"
"RL","Land Use","MOZ","Mozambique","5110","Area","6610","Agricultural land","2020","2020","1000 ha","41413.832","I","Imputed value"
"RL","Land Use","MOZ","Mozambique","5110","Area","6621","Arable land","2020","2020","1000 ha","5650","I","Imputed value"
"RL","Land Use","MOZ","Mozambique","5110","Area","6655","Permanent meadows and pastures","2020","2020","1000 ha","35463.832","I","Imputed value"
"RL","Land Use","MMR","Myanmar","5110","Area","6610","Agricultural land","2020","2020","1000 ha","12980","I","Imputed value"
"RL","Land Use","MMR","Myanmar","5110","Area","6621","Arable land","2020","2020","1000 ha","10990","I","Imputed value"
"RL","Land Use","MMR","Myanmar","5110","Area","6655","Permanent meadows and pastures","2020","2020","1000 ha","480","I","Imputed value"
"RL","Land Use","NAM","Namibia","5110","Area","6610","Agricultural land","2020","2020","1000 ha","38811","I","Imputed value"
"RL","Land Use","NAM","Namibia","5110","Area","6621","Arable land","2020","2020","1000 ha","800","I","Imputed value"
"RL","Land Use","NAM","Namibia","5110","Area","6655","Permanent meadows and pastures","2020","2020","1000 ha","38000","I","Imputed value"
"RL","Land Use","NRU","Nauru","5110","Area","6610","Agricultural land","2020","2020","1000 ha","0.4","I","Imputed value"
"RL","Land Use","NPL","Nepal","5110","Area","6610","Agricultural land","2020","2020","1000 ha","4121","I","Imputed value"
"RL","Land Use","NPL","Nepal","5110","Area","6621","Arable land","2020","2020","1000 ha","2113.7","I","Imputed value"
"RL","Land Use","NPL","Nepal","5110","Area","6655","Permanent meadows and pastures","2020","2020","1000 ha","1795.3","I","Imputed value"
"RL","Land Use","NLD","Netherlands (Kingdom of the)","5110","Area","6610","Agricultural land","2020","2020","1000 ha","1814.45","A","Official figure"
"RL","Land Use","NLD","Netherlands (Kingdom of the)","5110","Area","6621","Arable land","2020","2020","1000 ha","1004.83","A","Official figure"
"RL","Land Use","NLD","Netherlands (Kingdom of the)","5110","Area","6655","Permanent meadows and pastures","2020","2020","1000 ha","772.41","A","Official figure"
"RL","Land Use","NCL","New Caledonia","5110","Area","6610","Agricultural land","2020","2020","1000 ha","184.03","I","Imputed value"
"RL","Land Use","NCL","New Caledonia","5110","Area","6621","Arable land","2020","2020","1000 ha","5.97","A","Official figure"
"RL","Land Use","NCL","New Caledonia","5110","Area","6655","Permanent meadows and pastures","2020","2020","1000 ha","174.33","A","Official figure"
"RL","Land Use","NZL","New Zealand","5110","Area","6610","Agricultural land","2020","2020","1000 ha","10154","A","Official figure"
"RL","Land Use","NZL","New Zealand","5110","Area","6621","Arable land","2020","2020","1000 ha","527","A","Official figure"
"RL","Land Use","NZL","New Zealand","5110","Area","6655","Permanent meadows and pastures","2020","2020","1000 ha","9553","A","Official figure"
"RL","Land Use","NIC","Nicaragua","5110","Area","6610","Agricultural land","2020","2020","1000 ha","5091","I","Imputed value"
"RL","Land Use","NIC","Nicaragua","5110","Area","6621","Arable land","2020","2020","1000 ha","1503","I","Imputed value"
"RL","Land Use","NIC","Nicaragua","5110","Area","6655","Permanent meadows and pastures","2020","2020","1000 ha","3292","I","Imputed value"
"RL","Land Use","NER","Niger","5110","Area","6610","Agricultural land","2020","2020","1000 ha","46595","I","Imputed value"
"RL","Land Use","NER","Niger","5110","Area","6621","Arable land","2020","2020","1000 ha","17700","I","Imputed value"
"RL","Land Use","NER","Niger","5110","Area","6655","Permanent meadows and pastures","2020","2020","1000 ha","28782","I","Imputed value"
"RL","Land Use","NGA","Nigeria","5110","Area","6610","Agricultural land","2020","2020","1000 ha","68493","I","Imputed value"
"RL","Land Use","NGA","Nigeria","5110","Area","6621","Arable land","2020","2020","1000 ha","36872","I","Imputed value"
"RL","Land Use","NGA","Nigeria","5110","Area","6655","Permanent meadows and pastures","2020","2020","1000 ha","25021","I","Imputed value"
"RL","Land Use","NIU","Niue","5110","Area","6610","Agricultural land","2020","2020","1000 ha","4.8","I","Imputed value"
"RL","Land Use","NIU","Niue","5110","Area","6621","Arable land","2020","2020","1000 ha","1","I","Imputed value"
"RL","Land Use","NIU","Niue","5110","Area","6655","Permanent meadows and pastures","2020","2020","1000 ha","1","I","Imputed value"
"RL","Land Use","NFK","Norfolk Island","5110","Area","6610","Agricultural land","2020","2020","1000 ha","1","I","Imputed value"
"RL","Land Use","NFK","Norfolk Island","5110","Area","6655","Permanent meadows and pastures","2020","2020","1000 ha","1","I","Imputed value"
"RL","Land Use","MKD","North Macedonia","5110","Area","6610","Agricultural land","2020","2020","1000 ha","1262","A","Official figure"
"RL","Land Use","MKD","North Macedonia","5110","Area","6621","Arable land","2020","2020","1000 ha","416","A","Official figure"
"RL","Land Use","MKD","North Macedonia","5110","Area","6655","Permanent meadows and pastures","2020","2020","1000 ha","805","A","Official figure"
"RL","Land Use","MNP","Northern Mariana Islands","5110","Area","6610","Agricultural land","2020","2020","1000 ha","0.54","I","Imputed value"
"RL","Land Use","MNP","Northern Mariana Islands","5110","Area","6621","Arable land","2020","2020","1000 ha","0.08","I","Imputed value"
"RL","Land Use","MNP","Northern Mariana Islands","5110","Area","6655","Permanent meadows and pastures","2020","2020","1000 ha","0.37","I","Imputed value"
"RL","Land Use","NOR","Norway","5110","Area","6610","Agricultural land","2020","2020","1000 ha","985.962","A","Official figure"
"RL","Land Use","NOR","Norway","5110","Area","6621","Arable land","2020","2020","1000 ha","804.497","A","Official figure"
"RL","Land Use","NOR","Norway","5110","Area","6655","Permanent meadows and pastures","2020","2020","1000 ha","178.299","A","Official figure"
"RL","Land Use","OMN","Oman","5110","Area","6610","Agricultural land","2020","2020","1000 ha","1458.93","I","Imputed value"
"RL","Land Use","OMN","Oman","5110","Area","6621","Arable land","2020","2020","1000 ha","74.66","A","Official figure"
"RL","Land Use","OMN","Oman","5110","Area","6655","Permanent meadows and pastures","2020","2020","1000 ha","1351","I","Imputed value"
"RL","Land Use","PAK","Pakistan","5110","Area","6610","Agricultural land","2020","2020","1000 ha","36723","I","Imputed value"
"RL","Land Use","PAK","Pakistan","5110","Area","6621","Arable land","2020","2020","1000 ha","30930","A","Official figure"
"RL","Land Use","PAK","Pakistan","5110","Area","6655","Permanent meadows and pastures","2020","2020","1000 ha","5000","I","Imputed value"
"RL","Land Use","PLW","Palau","5110","Area","6610","Agricultural land","2020","2020","1000 ha","4.3","I","Imputed value"
"RL","Land Use","PLW","Palau","5110","Area","6621","Arable land","2020","2020","1000 ha","0.3","I","Imputed value"
"RL","Land Use","PLW","Palau","5110","Area","6655","Permanent meadows and pastures","2020","2020","1000 ha","2","I","Imputed value"
"RL","Land Use","PSE","Palestine","5110","Area","6610","Agricultural land","2020","2020","1000 ha","407.8636","I","Imputed value"
"RL","Land Use","PSE","Palestine","5110","Area","6621","Arable land","2020","2020","1000 ha","46.1636","I","Imputed value"
"RL","Land Use","PSE","Palestine","5110","Area","6655","Permanent meadows and pastures","2020","2020","1000 ha","277","I","Imputed value"
"RL","Land Use","PAN","Panama","5110","Area","6610","Agricultural land","2020","2020","1000 ha","2174.1","I","Imputed value"
"RL","Land Use","PAN","Panama","5110","Area","6621","Arable land","2020","2020","1000 ha","565","I","Imputed value"
"RL","Land Use","PAN","Panama","5110","Area","6655","Permanent meadows and pastures","2020","2020","1000 ha","1509","I","Imputed value"
"RL","Land Use","PNG","Papua New Guinea","5110","Area","6610","Agricultural land","2020","2020","1000 ha","1418","I","Imputed value"
"RL","Land Use","PNG","Papua New Guinea","5110","Area","6621","Arable land","2020","2020","1000 ha","331","I","Imputed value"
"RL","Land Use","PNG","Papua New Guinea","5110","Area","6655","Permanent meadows and pastures","2020","2020","1000 ha","190","I","Imputed value"
"RL","Land Use","PRY","Paraguay","5110","Area","6610","Agricultural land","2020","2020","1000 ha","16809.14","I","Imputed value"
"RL","Land Use","PRY","Paraguay","5110","Area","6621","Arable land","2020","2020","1000 ha","4734","I","Imputed value"
"RL","Land Use","PRY","Paraguay","5110","Area","6655","Permanent meadows and pastures","2020","2020","1000 ha","11985.14","I","Imputed value"
"RL","Land Use","PER","Peru","5110","Area","6610","Agricultural land","2020","2020","1000 ha","24996.99","I","Imputed value"
"RL","Land Use","PER","Peru","5110","Area","6621","Arable land","2020","2020","1000 ha","3935.2615","I","Imputed value"
"RL","Land Use","PER","Peru","5110","Area","6655","Permanent meadows and pastures","2020","2020","1000 ha","18800","I","Imputed value"
"RL","Land Use","PHL","Philippines","5110","Area","6610","Agricultural land","2020","2020","1000 ha","12659","I","Imputed value"
"RL","Land Use","PHL","Philippines","5110","Area","6621","Arable land","2020","2020","1000 ha","5590","I","Imputed value"
"RL","Land Use","PHL","Philippines","5110","Area","6655","Permanent meadows and pastures","2020","2020","1000 ha","1500","I","Imputed value"
"RL","Land Use","POL","Poland","5110","Area","6610","Agricultural land","2020","2020","1000 ha","14733","I","Imputed value"
"RL","Land Use","POL","Poland","5110","Area","6621","Arable land","2020","2020","1000 ha","11150","A","Official figure"
"RL","Land Use","POL","Poland","5110","Area","6655","Permanent meadows and pastures","2020","2020","1000 ha","3203","A","Official figure"
"RL","Land Use","PRT","Portugal","5110","Area","6610","Agricultural land","2020","2020","1000 ha","3954.2556","I","Imputed value"
"RL","Land Use","PRT","Portugal","5110","Area","6621","Arable land","2020","2020","1000 ha","972.9093","A","Official figure"
"RL","Land Use","PRT","Portugal","5110","Area","6655","Permanent meadows and pastures","2020","2020","1000 ha","2113.2858","A","Official figure"
"RL","Land Use","PRI","Puerto Rico","5110","Area","6610","Agricultural land","2020","2020","1000 ha","168.9","I","Imputed value"
"RL","Land Use","PRI","Puerto Rico","5110","Area","6621","Arable land","2020","2020","1000 ha","50.2","I","Imputed value"
"RL","Land Use","PRI","Puerto Rico","5110","Area","6655","Permanent meadows and pastures","2020","2020","1000 ha","102.7","I","Imputed value"
"RL","Land Use","QAT","Qatar","5110","Area","6610","Agricultural land","2020","2020","1000 ha","74","I","Imputed value"
"RL","Land Use","QAT","Qatar","5110","Area","6621","Arable land","2020","2020","1000 ha","21","I","Imputed value"
"RL","Land Use","QAT","Qatar","5110","Area","6655","Permanent meadows and pastures","2020","2020","1000 ha","50","I","Imputed value"
"RL","Land Use","KOR","Republic of Korea","5110","Area","6610","Agricultural land","2020","2020","1000 ha","1621","I","Imputed value"
"RL","Land Use","KOR","Republic of Korea","5110","Area","6621","Arable land","2020","2020","1000 ha","1352","A","Official figure"
"RL","Land Use","KOR","Republic of Korea","5110","Area","6655","Permanent meadows and pastures","2020","2020","1000 ha","56","A","Official figure"
"RL","Land Use","MDA","Republic of Moldova","5110","Area","6610","Agricultural land","2020","2020","1000 ha","2264.6","I","Imputed value"
"RL","Land Use","MDA","Republic of Moldova","5110","Area","6621","Arable land","2020","2020","1000 ha","1699.8","A","Official figure"
"RL","Land Use","MDA","Republic of Moldova","5110","Area","6655","Permanent meadows and pastures","2020","2020","1000 ha","337.6","A","Official figure"
"RL","Land Use","REU","Réunion","5110","Area","6610","Agricultural land","2020","2020","1000 ha","47.62","A","Official figure"
"RL","Land Use","REU","Réunion","5110","Area","6621","Arable land","2020","2020","1000 ha","33.87","A","Official figure"
"RL","Land Use","REU","Réunion","5110","Area","6655","Permanent meadows and pastures","2020","2020","1000 ha","10.8","A","Official figure"
"RL","Land Use","ROU","Romania","5110","Area","6610","Agricultural land","2020","2020","1000 ha","13049","A","Official figure"
"RL","Land Use","ROU","Romania","5110","Area","6621","Arable land","2020","2020","1000 ha","8483","A","Official figure"
"RL","Land Use","ROU","Romania","5110","Area","6655","Permanent meadows and pastures","2020","2020","1000 ha","4163","A","Official figure"
"RL","Land Use","RUS","Russian Federation","5110","Area","6610","Agricultural land","2020","2020","1000 ha","215494","I","Imputed value"
"RL","Land Use","RUS","Russian Federation","5110","Area","6621","Arable land","2020","2020","1000 ha","121649","I","Imputed value"
"RL","Land Use","RUS","Russian Federation","5110","Area","6655","Permanent meadows and pastures","2020","2020","1000 ha","92052","I","Imputed value"
"RL","Land Use","RWA","Rwanda","5110","Area","6610","Agricultural land","2020","2020","1000 ha","1958.6","I","Imputed value"
"RL","Land Use","RWA","Rwanda","5110","Area","6621","Arable land","2020","2020","1000 ha","1214.6","I","Imputed value"
"RL","Land Use","RWA","Rwanda","5110","Area","6655","Permanent meadows and pastures","2020","2020","1000 ha","398","I","Imputed value"
"RL","Land Use","SHN","Saint Helena, Ascension and Tristan da Cunha","5110","Area","6610","Agricultural land","2020","2020","1000 ha","12","I","Imputed value"
"RL","Land Use","SHN","Saint Helena, Ascension and Tristan da Cunha","5110","Area","6621","Arable land","2020","2020","1000 ha","4","I","Imputed value"
"RL","Land Use","SHN","Saint Helena, Ascension and Tristan da Cunha","5110","Area","6655","Permanent meadows and pastures","2020","2020","1000 ha","8","I","Imputed value"
"RL","Land Use","KNA","Saint Kitts and Nevis","5110","Area","6610","Agricultural land","2020","2020","1000 ha","6","I","Imputed value"
"RL","Land Use","KNA","Saint Kitts and Nevis","5110","Area","6621","Arable land","2020","2020","1000 ha","5","I","Imputed value"
"RL","Land Use","KNA","Saint Kitts and Nevis","5110","Area","6655","Permanent meadows and pastures","2020","2020","1000 ha","0.9","I","Imputed value"
"RL","Land Use","LCA","Saint Lucia","5110","Area","6610","Agricultural land","2020","2020","1000 ha","9.94","I","Imputed value"
"RL","Land Use","LCA","Saint Lucia","5110","Area","6621","Arable land","2020","2020","1000 ha","2.67","I","Imputed value"
"RL","Land Use","LCA","Saint Lucia","5110","Area","6655","Permanent meadows and pastures","2020","2020","1000 ha","0.37","I","Imputed value"
"RL","Land Use","SPM","Saint Pierre and Miquelon","5110","Area","6610","Agricultural land","2020","2020","1000 ha","2","I","Imputed value"
"RL","Land Use","SPM","Saint Pierre and Miquelon","5110","Area","6621","Arable land","2020","2020","1000 ha","2","I","Imputed value"
"RL","Land Use","VCT","Saint Vincent and the Grenadines","5110","Area","6610","Agricultural land","2020","2020","1000 ha","7","I","Imputed value"
"RL","Land Use","VCT","Saint Vincent and the Grenadines","5110","Area","6621","Arable land","2020","2020","1000 ha","2","I","Imputed value"
"RL","Land Use","VCT","Saint Vincent and the Grenadines","5110","Area","6655","Permanent meadows and pastures","2020","2020","1000 ha","2","I","Imputed value"
"RL","Land Use","WSM","Samoa","5110","Area","6610","Agricultural land","2020","2020","1000 ha","49.41","I","Imputed value"
"RL","Land Use","WSM","Samoa","5110","Area","6621","Arable land","2020","2020","1000 ha","11.29","I","Imputed value"
"RL","Land Use","WSM","Samoa","5110","Area","6655","Permanent meadows and pastures","2020","2020","1000 ha","6.41","I","Imputed value"
"RL","Land Use","SMR","San Marino","5110","Area","6610","Agricultural land","2020","2020","1000 ha","2.3","I","Imputed value"
"RL","Land Use","SMR","San Marino","5110","Area","6621","Arable land","2020","2020","1000 ha","1.985","I","Imputed value"
"RL","Land Use","STP","Sao Tome and Principe","5110","Area","6610","Agricultural land","2020","2020","1000 ha","42","I","Imputed value"
"RL","Land Use","STP","Sao Tome and Principe","5110","Area","6621","Arable land","2020","2020","1000 ha","4","I","Imputed value"
"RL","Land Use","STP","Sao Tome and Principe","5110","Area","6655","Permanent meadows and pastures","2020","2020","1000 ha","1","I","Imputed value"
"RL","Land Use","SAU","Saudi Arabia","5110","Area","6610","Agricultural land","2020","2020","1000 ha","173637.37","I","Imputed value"
"RL","Land Use","SAU","Saudi Arabia","5110","Area","6621","Arable land","2020","2020","1000 ha","3430","I","Imputed value"
"RL","Land Use","SAU","Saudi Arabia","5110","Area","6655","Permanent meadows and pastures","2020","2020","1000 ha","170000","I","Imputed value"
"RL","Land Use","SEN","Senegal","5110","Area","6610","Agricultural land","2020","2020","1000 ha","9430","I","Imputed value"
"RL","Land Use","SEN","Senegal","5110","Area","6621","Arable land","2020","2020","1000 ha","3750","I","Imputed value"
"RL","Land Use","SEN","Senegal","5110","Area","6655","Permanent meadows and pastures","2020","2020","1000 ha","5600","I","Imputed value"
"RL","Land Use","SRB","Serbia","5110","Area","6610","Agricultural land","2020","2020","1000 ha","3482","A","Official figure"
"RL","Land Use","SRB","Serbia","5110","Area","6621","Arable land","2020","2020","1000 ha","2604","A","Official figure"
"RL","Land Use","SRB","Serbia","5110","Area","6655","Permanent meadows and pastures","2020","2020","1000 ha","671","A","Official figure"
"RL","Land Use","SYC","Seychelles","5110","Area","6610","Agricultural land","2020","2020","1000 ha","1.55","I","Imputed value"
"RL","Land Use","SYC","Seychelles","5110","Area","6621","Arable land","2020","2020","1000 ha","0.15","I","Imputed value"
"RL","Land Use","SLE","Sierra Leone","5110","Area","6610","Agricultural land","2020","2020","1000 ha","3949","I","Imputed value"
"RL","Land Use","SLE","Sierra Leone","5110","Area","6621","Arable land","2020","2020","1000 ha","1584","I","Imputed value"
"RL","Land Use","SLE","Sierra Leone","5110","Area","6655","Permanent meadows and pastures","2020","2020","1000 ha","2200","I","Imputed value"
"RL","Land Use","SGP","Singapore","5110","Area","6610","Agricultural land","2020","2020","1000 ha","0.66","I","Imputed value"
"RL","Land Use","SGP","Singapore","5110","Area","6621","Arable land","2020","2020","1000 ha","0.56","I","Imputed value"
"RL","Land Use","SVK","Slovakia","5110","Area","6610","Agricultural land","2020","2020","1000 ha","1883","A","Official figure"
"RL","Land Use","SVK","Slovakia","5110","Area","6621","Arable land","2020","2020","1000 ha","1346","A","Official figure"
"RL","Land Use","SVK","Slovakia","5110","Area","6655","Permanent meadows and pastures","2020","2020","1000 ha","519","A","Official figure"
"RL","Land Use","SVN","Slovenia","5110","Area","6610","Agricultural land","2020","2020","1000 ha","610.49","A","Official figure"
"RL","Land Use","SVN","Slovenia","5110","Area","6621","Arable land","2020","2020","1000 ha","181.03","A","Official figure"
"RL","Land Use","SVN","Slovenia","5110","Area","6655","Permanent meadows and pastures","2020","2020","1000 ha","376.54","A","Official figure"
"RL","Land Use","SLB","Solomon Islands","5110","Area","6610","Agricultural land","2020","2020","1000 ha","120","I","Imputed value"
"RL","Land Use","SLB","Solomon Islands","5110","Area","6621","Arable land","2020","2020","1000 ha","23","I","Imputed value"
"RL","Land Use","SLB","Solomon Islands","5110","Area","6655","Permanent meadows and pastures","2020","2020","1000 ha","8","I","Imputed value"
"RL","Land Use","SOM","Somalia","5110","Area","6610","Agricultural land","2020","2020","1000 ha","44128","I","Imputed value"
"RL","Land Use","SOM","Somalia","5110","Area","6621","Arable land","2020","2020","1000 ha","1100","I","Imputed value"
"RL","Land Use","SOM","Somalia","5110","Area","6655","Permanent meadows and pastures","2020","2020","1000 ha","43000","I","Imputed value"
"RL","Land Use","ZAF","South Africa","5110","Area","6610","Agricultural land","2020","2020","1000 ha","96341","I","Imputed value"
"RL","Land Use","ZAF","South Africa","5110","Area","6621","Arable land","2020","2020","1000 ha","12000","I","Imputed value"
"RL","Land Use","ZAF","South Africa","5110","Area","6655","Permanent meadows and pastures","2020","2020","1000 ha","83928","I","Imputed value"
"RL","Land Use","SSD","South Sudan","5110","Area","6610","Agricultural land","2020","2020","1000 ha","28250.7","A","Official figure"
"RL","Land Use","SSD","South Sudan","5110","Area","6621","Arable land","2020","2020","1000 ha","2394.7","I","Imputed value"
"RL","Land Use","SSD","South Sudan","5110","Area","6655","Permanent meadows and pastures","2020","2020","1000 ha","25773","A","Official figure"
"RL","Land Use","ESP","Spain","5110","Area","6610","Agricultural land","2020","2020","1000 ha","26142.6381","A","Official figure"
"RL","Land Use","ESP","Spain","5110","Area","6621","Arable land","2020","2020","1000 ha","11639.3981","A","Official figure"
"RL","Land Use","ESP","Spain","5110","Area","6655","Permanent meadows and pastures","2020","2020","1000 ha","9496.243","A","Official figure"
"RL","Land Use","LKA","Sri Lanka","5110","Area","6610","Agricultural land","2020","2020","1000 ha","2812","I","Imputed value"
"RL","Land Use","LKA","Sri Lanka","5110","Area","6621","Arable land","2020","2020","1000 ha","1372","A","Official figure"
"RL","Land Use","LKA","Sri Lanka","5110","Area","6655","Permanent meadows and pastures","2020","2020","1000 ha","440","I","Imputed value"
"RL","Land Use","SDN","Sudan","5110","Area","6610","Agricultural land","2020","2020","1000 ha","112664.84","I","Imputed value"
"RL","Land Use","SDN","Sudan","5110","Area","6621","Arable land","2020","2020","1000 ha","20994.84","I","Imputed value"
"RL","Land Use","SDN","Sudan","5110","Area","6655","Permanent meadows and pastures","2020","2020","1000 ha","91454","I","Imputed value"
"RL","Land Use","SUR","Suriname","5110","Area","6610","Agricultural land","2020","2020","1000 ha","80","A","Official figure"
"RL","Land Use","SUR","Suriname","5110","Area","6621","Arable land","2020","2020","1000 ha","60","A","Official figure"
"RL","Land Use","SUR","Suriname","5110","Area","6655","Permanent meadows and pastures","2020","2020","1000 ha","16","A","Official figure"
"RL","Land Use","SWE","Sweden","5110","Area","6610","Agricultural land","2020","2020","1000 ha","3005.54","A","Official figure"
"RL","Land Use","SWE","Sweden","5110","Area","6621","Arable land","2020","2020","1000 ha","2538.55","A","Official figure"
"RL","Land Use","SWE","Sweden","5110","Area","6655","Permanent meadows and pastures","2020","2020","1000 ha","463.52","A","Official figure"
"RL","Land Use","CHE","Switzerland","5110","Area","6610","Agricultural land","2020","2020","1000 ha","1502.4369","A","Official figure"
"RL","Land Use","CHE","Switzerland","5110","Area","6621","Arable land","2020","2020","1000 ha","399.8415","A","Official figure"
"RL","Land Use","CHE","Switzerland","5110","Area","6655","Permanent meadows and pastures","2020","2020","1000 ha","1077.3998","A","Official figure"
"RL","Land Use","SYR","Syrian Arab Republic","5110","Area","6610","Agricultural land","2020","2020","1000 ha","13913.376","I","Imputed value"
"RL","Land Use","SYR","Syrian Arab Republic","5110","Area","6621","Arable land","2020","2020","1000 ha","4660.617","I","Imputed value"
"RL","Land Use","SYR","Syrian Arab Republic","5110","Area","6655","Permanent meadows and pastures","2020","2020","1000 ha","8186.759","A","Official figure"
"RL","Land Use","TJK","Tajikistan","5110","Area","6610","Agricultural land","2020","2020","1000 ha","4916","I","Imputed value"
"RL","Land Use","TJK","Tajikistan","5110","Area","6621","Arable land","2020","2020","1000 ha","839.4","A","Official figure"
"RL","Land Use","TJK","Tajikistan","5110","Area","6655","Permanent meadows and pastures","2020","2020","1000 ha","3875","I","Imputed value"
"RL","Land Use","THA","Thailand","5110","Area","6610","Agricultural land","2020","2020","1000 ha","23271.8997","I","Imputed value"
"RL","Land Use","THA","Thailand","5110","Area","6621","Arable land","2020","2020","1000 ha","16971.8997","I","Imputed value"
"RL","Land Use","THA","Thailand","5110","Area","6655","Permanent meadows and pastures","2020","2020","1000 ha","800","I","Imputed value"
"RL","Land Use","TLS","Timor-Leste","5110","Area","6610","Agricultural land","2020","2020","1000 ha","341.4","I","Imputed value"
"RL","Land Use","TLS","Timor-Leste","5110","Area","6621","Arable land","2020","2020","1000 ha","111.5","I","Imputed value"
"RL","Land Use","TLS","Timor-Leste","5110","Area","6655","Permanent meadows and pastures","2020","2020","1000 ha","150","I","Imputed value"
"RL","Land Use","TGO","Togo","5110","Area","6610","Agricultural land","2020","2020","1000 ha","3820","I","Imputed value"
"RL","Land Use","TGO","Togo","5110","Area","6621","Arable land","2020","2020","1000 ha","2650","I","Imputed value"
"RL","Land Use","TGO","Togo","5110","Area","6655","Permanent meadows and pastures","2020","2020","1000 ha","1000","I","Imputed value"
"RL","Land Use","TKL","Tokelau","5110","Area","6610","Agricultural land","2020","2020","1000 ha","0.6","I","Imputed value"
"RL","Land Use","TON","Tonga","5110","Area","6610","Agricultural land","2020","2020","1000 ha","35","I","Imputed value"
"RL","Land Use","TON","Tonga","5110","Area","6621","Arable land","2020","2020","1000 ha","20","I","Imputed value"
"RL","Land Use","TON","Tonga","5110","Area","6655","Permanent meadows and pastures","2020","2020","1000 ha","4","I","Imputed value"
"RL","Land Use","TTO","Trinidad and Tobago","5110","Area","6610","Agricultural land","2020","2020","1000 ha","54","I","Imputed value"
"RL","Land Use","TTO","Trinidad and Tobago","5110","Area","6621","Arable land","2020","2020","1000 ha","25","I","Imputed value"
"RL","Land Use","TTO","Trinidad and Tobago","5110","Area","6655","Permanent meadows and pastures","2020","2020","1000 ha","7","I","Imputed value"
"RL","Land Use","TUN","Tunisia","5110","Area","6610","Agricultural land","2020","2020","1000 ha","9700.5","I","Imputed value"
"RL","Land Use","TUN","Tunisia","5110","Area","6621","Arable land","2020","2020","1000 ha","2831.3","I","Imputed value"
"RL","Land Use","TUN","Tunisia","5110","Area","6655","Permanent meadows and pastures","2020","2020","1000 ha","4750","I","Imputed value"
"RL","Land Use","TUR","Türkiye","5110","Area","6610","Agricultural land","2020","2020","1000 ha","37762","A","Official figure"
"RL","Land Use","TUR","Türkiye","5110","Area","6621","Arable land","2020","2020","1000 ha","19586","A","Official figure"
"RL","Land Use","TUR","Türkiye","5110","Area","6655","Permanent meadows and pastures","2020","2020","1000 ha","14617","A","Official figure"
"RL","Land Use","TKM","Turkmenistan","5110","Area","6610","Agricultural land","2020","2020","1000 ha","33838","I","Imputed value"
"RL","Land Use","TKM","Turkmenistan","5110","Area","6621","Arable land","2020","2020","1000 ha","1940","I","Imputed value"
"RL","Land Use","TKM","Turkmenistan","5110","Area","6655","Permanent meadows and pastures","2020","2020","1000 ha","31838","I","Imputed value"
"RL","Land Use","TCA","Turks and Caicos Islands","5110","Area","6610","Agricultural land","2020","2020","1000 ha","1","I","Imputed value"
"RL","Land Use","TCA","Turks and Caicos Islands","5110","Area","6621","Arable land","2020","2020","1000 ha","1","I","Imputed value"
"RL","Land Use","TUV","Tuvalu","5110","Area","6610","Agricultural land","2020","2020","1000 ha","1.8","I","Imputed value"
"RL","Land Use","UGA","Uganda","5110","Area","6610","Agricultural land","2020","2020","1000 ha","14415","I","Imputed value"
"RL","Land Use","UGA","Uganda","5110","Area","6621","Arable land","2020","2020","1000 ha","6900","I","Imputed value"
"RL","Land Use","UGA","Uganda","5110","Area","6655","Permanent meadows and pastures","2020","2020","1000 ha","5315","I","Imputed value"
"RL","Land Use","UKR","Ukraine","5110","Area","6610","Agricultural land","2020","2020","1000 ha","41311","A","Official figure"
"RL","Land Use","UKR","Ukraine","5110","Area","6621","Arable land","2020","2020","1000 ha","32924","A","Official figure"
"RL","Land Use","UKR","Ukraine","5110","Area","6655","Permanent meadows and pastures","2020","2020","1000 ha","7534","A","Official figure"
"RL","Land Use","ARE","United Arab Emirates","5110","Area","6610","Agricultural land","2020","2020","1000 ha","389.8","I","Imputed value"
"RL","Land Use","ARE","United Arab Emirates","5110","Area","6621","Arable land","2020","2020","1000 ha","49","A","Official figure"
"RL","Land Use","ARE","United Arab Emirates","5110","Area","6655","Permanent meadows and pastures","2020","2020","1000 ha","300","I","Imputed value"
"RL","Land Use","GBR","United Kingdom of Great Britain and Northern Ireland","5110","Area","6610","Agricultural land","2020","2020","1000 ha","17259.2981","A","Official figure"
"RL","Land Use","GBR","United Kingdom of Great Britain and Northern Ireland","5110","Area","6621","Arable land","2020","2020","1000 ha","5978.5022","A","Official figure"
"RL","Land Use","GBR","United Kingdom of Great Britain and Northern Ireland","5110","Area","6655","Permanent meadows and pastures","2020","2020","1000 ha","11235.702","A","Official figure"
"RL","Land Use","TZA","United Republic of Tanzania","5110","Area","6610","Agricultural land","2020","2020","1000 ha","39521.2","I","Imputed value"
"RL","Land Use","TZA","United Republic of Tanzania","5110","Area","6621","Arable land","2020","2020","1000 ha","13502.5","I","Imputed value"
"RL","Land Use","TZA","United Republic of Tanzania","5110","Area","6655","Permanent meadows and pastures","2020","2020","1000 ha","24000","I","Imputed value"
"RL","Land Use","USA","United States of America","5110","Area","6610","Agricultural land","2020","2020","1000 ha","405810.3538","I","Imputed value"
"RL","Land Use","USA","United States of America","5110","Area","6621","Arable land","2020","2020","1000 ha","157736.8","I","Imputed value"
"RL","Land Use","USA","United States of America","5110","Area","6655","Permanent meadows and pastures","2020","2020","1000 ha","245373.5538","I","Imputed value"
"RL","Land Use","VIR","United States Virgin Islands","5110","Area","6610","Agricultural land","2020","2020","1000 ha","3.3","I","Imputed value"
"RL","Land Use","VIR","United States Virgin Islands","5110","Area","6621","Arable land","2020","2020","1000 ha","0.9","I","Imputed value"
"RL","Land Use","VIR","United States Virgin Islands","5110","Area","6655","Permanent meadows and pastures","2020","2020","1000 ha","2.2","I","Imputed value"
"RL","Land Use","URY","Uruguay","5110","Area","6610","Agricultural land","2020","2020","1000 ha","14063.4","I","Imputed value"
"RL","Land Use","URY","Uruguay","5110","Area","6621","Arable land","2020","2020","1000 ha","2024.4","I","Imputed value"
"RL","Land Use","URY","Uruguay","5110","Area","6655","Permanent meadows and pastures","2020","2020","1000 ha","12000","I","Imputed value"
"RL","Land Use","UZB","Uzbekistan","5110","Area","6610","Agricultural land","2020","2020","1000 ha","25682.5","I","Imputed value"
"RL","Land Use","UZB","Uzbekistan","5110","Area","6621","Arable land","2020","2020","1000 ha","4023","A","Official figure"
"RL","Land Use","UZB","Uzbekistan","5110","Area","6655","Permanent meadows and pastures","2020","2020","1000 ha","21244.3","A","Official figure"
"RL","Land Use","VUT","Vanuatu","5110","Area","6610","Agricultural land","2020","2020","1000 ha","187","I","Imputed value"
"RL","Land Use","VUT","Vanuatu","5110","Area","6621","Arable land","2020","2020","1000 ha","20","I","Imputed value"
"RL","Land Use","VUT","Vanuatu","5110","Area","6655","Permanent meadows and pastures","2020","2020","1000 ha","42","I","Imputed value"
"RL","Land Use","VEN","Venezuela (Bolivarian Republic of)","5110","Area","6610","Agricultural land","2020","2020","1000 ha","21500","I","Imputed value"
"RL","Land Use","VEN","Venezuela (Bolivarian Republic of)","5110","Area","6621","Arable land","2020","2020","1000 ha","2600","I","Imputed value"
"RL","Land Use","VEN","Venezuela (Bolivarian Republic of)","5110","Area","6655","Permanent meadows and pastures","2020","2020","1000 ha","18200","I","Imputed value"
"RL","Land Use","VNM","Viet Nam","5110","Area","6610","Agricultural land","2020","2020","1000 ha","12360","I","Imputed value"
"RL","Land Use","VNM","Viet Nam","5110","Area","6621","Arable land","2020","2020","1000 ha","6787","A","Official figure"
"RL","Land Use","VNM","Viet Nam","5110","Area","6655","Permanent meadows and pastures","2020","2020","1000 ha","642","I","Imputed value"
"RL","Land Use","WLF","Wallis and Futuna Islands","5110","Area","6610","Agricultural land","2020","2020","1000 ha","6","I","Imputed value"
"RL","Land Use","WLF","Wallis and Futuna Islands","5110","Area","6621","Arable land","2020","2020","1000 ha","1","I","Imputed value"
"RL","Land Use","ESH","Western Sahara","5110","Area","6610","Agricultural land","2020","2020","1000 ha","5004","I","Imputed value"
"RL","Land Use","ESH","Western Sahara","5110","Area","6621","Arable land","2020","2020","1000 ha","4","I","Imputed value"
"RL","Land Use","ESH","Western Sahara","5110","Area","6655","Permanent meadows and pastures","2020","2020","1000 ha","5000","I","Imputed value"
"RL","Land Use","YEM","Yemen","5110","Area","6610","Agricultural land","2020","2020","1000 ha","23452","I","Imputed value"
"RL","Land Use","YEM","Yemen","5110","Area","6621","Arable land","2020","2020","1000 ha","1158","I","Imputed value"
"RL","Land Use","YEM","Yemen","5110","Area","6655","Permanent meadows and pastures","2020","2020","1000 ha","22000","I","Imputed value"
"RL","Land Use","ZMB","Zambia","5110","Area","6610","Agricultural land","2020","2020","1000 ha","23839","I","Imputed value"
"RL","Land Use","ZMB","Zambia","5110","Area","6621","Arable land","2020","2020","1000 ha","3800","I","Imputed value"
"RL","Land Use","ZMB","Zambia","5110","Area","6655","Permanent meadows and pastures","2020","2020","1000 ha","20000","I","Imputed value"
"RL","Land Use","ZWE","Zimbabwe","5110","Area","6610","Agricultural land","2020","2020","1000 ha","16200","I","Imputed value"
"RL","Land Use","ZWE","Zimbabwe","5110","Area","6621","Arable land","2020","2020","1000 ha","4000","I","Imputed value"
"RL","Land Use","ZWE","Zimbabwe","5110","Area","6655","Permanent meadows and pastures","2020","2020","1000 ha","12100","I","Imputed value"
